freq,CPIAUCSL,EXUSUK,FEDFUNDS,GS1,GS10,INDPRO,PCEPI,TB3MS,UNRATE,WPU0561,PAYEMS,DJIA
1/1/55,26.77,,1.39,1.39,2.61,19.9437,,1.22,4.9,12.6,49497,
1/2/55,26.82,,1.29,1.57,2.65,20.1941,,1.17,4.7,12.6,49644,
1/3/55,26.79,,1.35,1.59,2.68,20.6669,,1.28,4.6,12.6,49963,
1/4/55,26.79,,1.43,1.75,2.75,20.9173,,1.59,4.7,12.6,50247,
1/5/55,26.77,,1.43,1.9,2.76,21.251,,1.45,4.3,12.6,50512,
1/6/55,26.71,,1.64,1.91,2.78,21.2789,,1.41,4.2,12.6,50790,
1/7/55,26.76,,1.68,2.02,2.9,21.4458,,1.6,4,12.6,50985,
1/8/55,26.72,,1.96,2.37,2.97,21.4179,,1.9,4.2,12.6,51111,
1/9/55,26.85,,2.18,2.36,2.97,21.557,,2.07,4.1,12.6,51262,
1/10/55,26.82,,2.24,2.39,2.88,21.9186,,2.23,4.3,12.6,51431,
1/11/55,26.88,,2.35,2.48,2.89,21.9742,,2.24,4.2,12.6,51592,
1/12/55,26.87,,2.48,2.73,2.96,22.0577,,2.54,4.2,12.6,51805,
1/1/56,26.83,,2.45,2.58,2.9,22.1968,,2.41,4,12.6,51975,
1/2/56,26.86,,2.5,2.49,2.84,22.0021,,2.32,3.9,12.6,52167,
1/3/56,26.89,,2.5,2.61,2.96,22.0021,,2.25,4.2,12.6,52295,
1/4/56,26.93,,2.62,2.92,3.18,22.169,,2.6,4,12.6,52375,
1/5/56,27.03,,2.75,2.94,3.07,21.9743,,2.61,4.3,12.6,52506,
1/6/56,27.15,,2.71,2.74,3,21.7796,,2.49,4.3,12.7,52584,
1/7/56,27.29,,2.75,2.76,3.11,21.112,,2.31,4.4,12.7,51954,
1/8/56,27.31,,2.73,3.1,3.33,21.9742,,2.6,4.1,12.7,52630,
1/9/56,27.35,,2.95,3.35,3.38,22.4749,,2.84,3.9,12.7,52601,
1/10/56,27.51,,2.96,3.28,3.34,22.6696,,2.9,3.9,12.7,52781,
1/11/56,27.51,,2.88,3.44,3.49,22.4749,,2.99,4.3,12.7,52822,
1/12/56,27.63,,2.94,3.68,3.59,22.8087,,3.21,4.2,12.8,52930,
1/1/57,27.67,,2.84,3.37,3.46,22.7253,,3.11,4.2,13.2,52888,
1/2/57,27.8,,3,3.38,3.34,22.9478,,3.1,3.9,14,53097,
1/3/57,27.86,,2.96,3.42,3.41,22.92,,3.08,3.7,14,53157,
1/4/57,27.93,,3,3.49,3.48,22.614,,3.07,3.9,14,53238,
1/5/57,28,,3,3.48,3.6,22.5306,,3.06,4.1,14,53149,
1/6/57,28.11,,3,3.65,3.8,22.5862,,3.29,4.3,14,53066,
1/7/57,28.19,,2.99,3.81,3.93,22.7253,,3.16,4.2,14,53123,
1/8/57,28.28,,3.24,4.01,3.93,22.7253,,3.37,4.1,14,53126,
1/9/57,28.32,,3.47,4.07,3.92,22.5306,,3.53,4.4,14,52932,
1/10/57,28.32,,3.5,4.01,3.97,22.1968,,3.58,4.5,14,52765,
1/11/57,28.41,,3.28,3.57,3.72,21.6683,,3.31,5.1,14,52559,
1/12/57,28.47,,2.98,3.18,3.21,21.251,,3.04,5.2,14,52385,
1/1/58,28.64,,2.72,2.65,3.09,20.8616,,2.44,5.8,14,52077,
1/2/58,28.7,,1.67,1.99,3.05,20.4166,,1.53,6.4,14,51576,
1/3/58,28.87,,1.2,1.84,2.98,20.1662,,1.3,6.7,14,51300,
1/4/58,28.94,,1.26,1.45,2.88,19.8325,,1.13,7.4,14,51027,
1/5/58,28.94,,0.63,1.37,2.92,20.0272,,0.91,7.4,14,50913,
1/6/58,28.91,,0.93,1.23,2.97,20.5557,,0.83,7.3,14,50912,
1/7/58,28.89,,0.68,1.61,3.2,20.8616,,0.91,7.5,13.9,51037,
1/8/58,28.94,,1.53,2.5,3.54,21.2789,,1.69,7.4,13.9,51231,
1/9/58,28.91,,1.76,3.05,3.76,21.4736,,2.44,7.1,13.9,51506,
1/10/58,28.91,,1.8,3.19,3.8,21.7239,,2.63,6.7,13.9,51486,
1/11/58,28.95,,2.27,3.1,3.74,22.3637,,2.67,6.2,13.9,51944,
1/12/58,28.97,,2.42,3.29,3.86,22.3915,,2.77,6.2,13.9,52088,
1/1/59,29.01,2.80647,2.48,3.36,4.02,22.7253,17.124,2.82,6,13.7,52480,592.29
1/2/59,29,2.80934,2.43,3.54,3.96,23.1703,17.138,2.7,5.9,13.5,52687,590.72
1/3/59,28.97,2.81271,2.8,3.61,3.99,23.5041,17.149,2.8,5.6,13.5,53016,609.1201
1/4/59,28.98,2.81653,2.96,3.72,4.12,24.0048,17.183,2.95,5.2,13.6,53320,616.99
1/5/59,29.04,2.81454,2.9,3.96,4.31,24.3664,17.191,2.84,5.1,13.6,53549,630.8
1/6/59,29.11,2.81254,3.39,4.07,4.34,24.3942,17.24,3.21,5,13.6,53679,631.51
1/7/59,29.15,2.81165,3.47,4.39,4.4,23.8101,17.275,3.2,5.1,13.6,53803,662.8101
1/8/59,29.18,2.8095,3.5,4.42,4.43,23.0034,17.3,3.38,5.2,13.6,53334,660.5801
1/9/59,29.25,2.8037,3.76,5,4.68,22.9756,17.345,4.04,5.5,13.4,53429,635.47
1/10/59,29.35,2.80626,3.98,4.8,4.53,22.8087,17.387,4.05,5.7,13.4,53359,637.3401
1/11/59,29.35,2.80268,4,4.81,4.53,22.9478,17.398,4.15,5.8,13.4,53635,646.4299
1/12/59,29.41,2.79845,3.99,5.14,4.69,24.3664,17.418,4.49,5.3,13.4,54175,671.3501
1/1/60,29.37,2.79976,3.99,5.03,4.72,25.0061,17.41,4.35,5.2,13.4,54274,655.3899
1/2/60,29.41,2.80329,3.97,4.66,4.49,24.7836,17.427,3.96,4.8,13.4,54513,624.8799
1/3/60,29.41,2.80586,3.84,4.02,4.25,24.5611,17.437,3.31,5.4,13.4,54458,614.7
1/4/60,29.54,2.8095,3.92,4.04,4.28,24.3664,17.501,3.23,5.2,13.4,54812,619.98
1/5/60,29.57,2.80601,3.85,4.21,4.35,24.3386,17.519,3.29,5.1,13.4,54473,615.6399
1/6/60,29.61,2.80268,3.32,3.36,4.15,24.0326,17.527,2.46,5.4,13.4,54347,644.3799
1/7/60,29.55,2.80842,3.23,3.2,3.9,23.9492,17.559,2.3,5.5,13.4,54304,625.8301
1/8/60,29.61,2.81024,2.98,2.95,3.8,23.9213,17.589,2.3,5.6,13.4,54271,624.47
1/9/60,29.61,2.81271,2.6,3.07,3.8,23.671,17.6,2.48,5.5,13.4,54228,598.1001
1/10/60,29.75,2.81158,2.47,3.04,3.89,23.6432,17.62,2.3,6.1,13.4,54144,582.45
1/11/60,29.78,2.81352,2.44,3.08,3.93,23.3094,17.68,2.37,6.1,13.4,53962,601.1399
1/12/60,29.81,2.80737,1.98,2.86,3.84,22.8643,17.684,2.25,6.6,13.4,53744,609.54
1/1/61,29.84,2.8064,1.45,2.81,3.84,22.8922,17.686,2.24,6.6,13.4,53683,632.2
1/2/61,29.84,2.7999,2.54,2.93,3.78,22.8643,17.703,2.42,6.9,13.4,53556,650.01
1/3/61,29.84,2.7975,2.02,2.88,3.74,23.0034,17.693,2.39,6.9,13.4,53662,670.5601
1/4/61,29.81,2.7981,1.49,2.88,3.78,23.4763,17.683,2.29,7,13.5,53626,684.8999
1/5/61,29.84,2.794,1.98,2.87,3.71,23.8379,17.693,2.29,7.1,13.5,53785,693.03
1/6/61,29.84,2.7898,1.73,3.06,3.88,24.1717,17.702,2.33,6.9,13.5,53977,691.4399
1/7/61,29.92,2.7874,1.17,2.92,3.92,24.4498,17.74,2.24,7,13.5,54123,690.6599
1/8/61,29.94,2.8029,2,3.06,4.04,24.6723,17.755,2.39,6.6,13.5,54298,718.6399
1/9/61,29.98,2.8122,1.88,3.06,3.98,24.6446,17.776,2.28,6.7,13.5,54388,711.02
1/10/61,29.98,2.8154,2.26,3.05,3.92,25.1174,17.774,2.3,6.5,13.5,54522,703.01
1/11/61,29.98,2.8149,2.61,3.07,3.94,25.5068,17.776,2.48,6.1,13.5,54743,724.74
1/12/61,30.01,2.8096,2.33,3.18,4.06,25.7293,17.781,2.6,6,13.5,54871,728.4399
1/1/62,30.04,2.811,2.15,3.28,4.08,25.5068,17.816,2.72,5.8,13.5,54891,705.1599
1/2/62,30.11,2.8146,2.37,3.28,4.04,25.924,17.864,2.73,5.5,13.5,55187,711.95
1/3/62,30.17,2.8153,2.85,3.06,3.93,26.0631,17.887,2.72,5.6,13.5,55276,714.21
1/4/62,30.21,2.814,2.78,2.99,3.84,26.1188,17.907,2.73,5.6,13.5,55602,690.28
1/5/62,30.24,2.8121,2.36,3.03,3.87,26.0909,17.918,2.69,5.5,13.5,55627,643.71
1/6/62,30.21,2.8083,2.68,3.03,3.91,26.0353,17.929,2.73,5.5,13.5,55644,572.6399
1/7/62,30.22,2.8066,2.71,3.29,4.01,26.2856,17.919,2.92,5.4,13.5,55746,581.78
1/8/62,30.28,2.8038,2.93,3.2,3.98,26.3135,17.944,2.82,5.7,13.5,55838,602.51
1/9/62,30.42,2.8009,2.9,3.06,3.98,26.4804,18.031,2.78,5.6,13.5,55977,597.02
1/10/62,30.38,2.8013,2.9,2.98,3.93,26.5082,18.011,2.74,5.4,13.5,56041,580.6499
1/11/62,30.38,2.8019,2.94,3,3.92,26.6194,18.025,2.83,5.7,13.5,56056,628.8201
1/12/62,30.38,2.8033,2.93,3.01,3.86,26.6194,18.018,2.87,5.5,13.5,56028,648.3799
1/1/63,30.44,2.8048,2.92,3.04,3.83,26.8141,18.063,2.91,5.7,13.5,56116,672.1001
1/2/63,30.48,2.8034,3,3.01,3.92,27.1201,18.08,2.92,5.9,13.5,56230,679.75
1/3/63,30.51,2.8006,2.98,3.03,3.93,27.287,18.065,2.89,5.7,13.5,56322,674.6299
1/4/63,30.48,2.8007,2.9,3.11,3.97,27.5374,18.063,2.9,5.7,13.5,56580,707.1201
1/5/63,30.51,2.7996,3,3.12,3.93,27.8711,18.091,2.93,5.9,13.5,56616,720.8401
1/6/63,30.61,2.8002,2.99,3.2,3.99,27.9546,18.131,2.99,5.6,13.5,56658,719.1399
1/7/63,30.69,2.8008,3.02,3.48,4.02,27.8433,18.166,3.18,5.6,13.5,56794,700.75
1/8/63,30.75,2.7996,3.49,3.53,4,27.899,18.19,3.32,5.4,13.5,56910,714.1499
1/9/63,30.72,2.7977,3.48,3.57,4.08,28.1771,18.187,3.38,5.5,13.5,57077,738.52
1/10/63,30.75,2.7978,3.5,3.64,4.11,28.3718,18.222,3.45,5.5,13.4,57284,747.52
1/11/63,30.78,2.7978,3.48,3.74,4.12,28.5109,18.248,3.52,5.7,13.4,57255,743.24
1/12/63,30.88,2.7965,3.38,3.81,4.13,28.4553,18.276,3.52,5.5,13.4,57360,759.9399
1/1/64,30.94,2.7983,3.48,3.79,4.17,28.7056,18.314,3.52,5.6,13.4,57487,776.6201
1/2/64,30.91,2.7969,3.48,3.78,4.15,28.9003,18.342,3.53,5.4,13.4,57751,793.03
1/3/64,30.94,2.7981,3.43,3.91,4.22,28.9003,18.353,3.54,5.4,13.4,57898,812.1799
1/4/64,30.95,2.799,3.47,3.91,4.23,29.3732,18.368,3.47,5.3,13.4,57922,820.9399
1/5/64,30.98,2.7994,3.5,3.84,4.2,29.5401,18.37,3.48,5.1,13.4,58089,823.1201
1/6/64,31.01,2.7942,3.5,3.83,4.17,29.6235,18.397,3.48,5.2,13.4,58221,817.6299
1/7/64,31.02,2.7897,3.42,3.72,4.19,29.8182,18.421,3.46,4.9,13.4,58413,844.24
1/8/64,31.05,2.7866,3.5,3.74,4.19,30.0129,18.436,3.5,5,13.4,58619,835.3
1/9/64,31.08,2.7834,3.45,3.84,4.2,30.1242,18.464,3.53,5.1,13.4,58903,863.55
1/10/64,31.12,2.7835,3.36,3.86,4.19,29.707,18.477,3.57,5.1,13.4,58794,875.26
1/11/64,31.21,2.7848,3.52,3.91,4.15,30.6249,18.502,3.64,4.8,13.4,59217,880.04
1/12/64,31.25,2.7906,3.85,4.02,4.18,30.9865,18.529,3.84,5,13.4,59421,866.73
1/1/65,31.28,2.7913,3.9,3.94,4.19,31.3203,18.549,3.81,4.9,13.4,59583,889.8899
1/2/65,31.28,2.7951,3.98,4.03,4.21,31.515,18.556,3.93,5.1,13.4,59800,894.4099
1/3/65,31.31,2.7924,4.04,4.06,4.21,31.9322,18.58,3.93,4.7,13.4,60003,896.4399
1/4/65,31.38,2.7962,4.09,4.04,4.2,32.0713,18.609,3.93,4.8,13.4,60259,907.71
1/5/65,31.48,2.7971,4.1,4.03,4.21,32.3216,18.651,3.89,4.6,13.4,60492,927.5
1/6/65,31.61,2.7923,4.04,3.99,4.21,32.572,18.705,3.8,4.6,13.4,60690,878.0601
1/7/65,31.58,2.791,4.09,3.98,4.2,32.8779,18.719,3.84,4.4,13.4,60963,873.4299
1/8/65,31.55,2.7908,4.12,4.07,4.25,33.017,18.723,3.84,4.4,13.4,61228,887.7
1/9/65,31.62,2.7967,4.01,4.2,4.29,33.1005,18.731,3.92,4.3,13.4,61490,922.1799
1/10/65,31.65,2.8031,4.08,4.3,4.35,33.4343,18.738,4.03,4.2,13.4,61718,944.77
1/11/65,31.75,2.8037,4.1,4.37,4.45,33.5733,18.769,4.09,4.1,13.4,61997,953.3101
1/12/65,31.85,2.8021,4.32,4.72,4.62,33.9905,18.838,4.38,4,13.4,62321,955.1899
1/1/66,31.88,2.8039,4.42,4.88,4.61,34.3243,18.86,4.59,4,13.4,62528,985.9299
1/2/66,32.08,2.8025,4.6,4.94,4.83,34.5469,18.938,4.65,3.8,13.4,62796,977.1499
1/3/66,32.18,2.7952,4.65,4.97,4.87,35.0197,18.985,4.59,3.8,13.4,63192,926.4299
1/4/66,32.28,2.7934,4.67,4.9,4.75,35.0754,19.051,4.62,3.8,13.4,63436,943.7
1/5/66,32.35,2.7923,4.9,4.93,4.78,35.4092,19.075,4.64,3.9,13.4,63711,890.7
1/6/66,32.38,2.7898,5.17,4.97,4.81,35.576,19.123,4.5,3.8,13.5,64110,888.73
1/7/66,32.45,2.7888,5.3,5.17,5.02,35.7707,19.16,4.8,3.8,13.5,64301,875.8701
1/8/66,32.65,2.7888,5.53,5.54,5.22,35.7986,19.234,4.96,3.8,13.5,64507,817.55
1/9/66,32.75,2.7893,5.4,5.82,5.18,36.1323,19.295,5.37,3.7,13.5,64644,791.6499
1/10/66,32.85,2.7916,5.53,5.58,5.01,36.3827,19.346,5.35,3.7,13.6,64854,778.1001
1/11/66,32.88,2.7911,5.76,5.54,5.16,36.1323,19.375,5.32,3.6,13.6,65019,806.55
1/12/66,32.92,2.7901,5.4,5.2,4.84,36.2158,19.415,4.96,3.8,13.6,65200,800.8601
1/1/67,32.9,2.791,4.94,4.75,4.58,36.3866,19.417,4.72,3.9,13.6,65407,830.5601
1/2/67,33,2.7941,5,4.71,4.63,35.9739,19.44,4.56,3.8,13.6,65428,851.1201
1/3/67,33,2.7963,4.53,4.35,4.54,35.7712,19.45,4.26,3.8,13.6,65530,858.1101
1/4/67,33.1,2.7992,4.05,4.11,4.59,36.1085,19.482,3.84,3.8,13.6,65467,868.6599
1/5/67,33.1,2.7969,3.94,4.15,4.85,35.7935,19.52,3.6,3.8,13.6,65619,883.74
1/6/67,33.3,2.7912,3.98,4.48,5.02,35.789,19.582,3.54,3.9,13.6,65750,872.6599
1/7/67,33.4,2.7873,3.79,5.01,5.16,35.7075,19.647,4.21,3.8,13.6,65887,888.51
1/8/67,33.5,2.7853,3.9,5.13,5.28,36.3916,19.709,4.27,3.8,13.7,66142,912.46
1/9/67,33.6,2.7837,3.99,5.24,5.3,36.3326,19.768,4.42,3.8,13.7,66164,923.45
1/10/67,33.7,2.7832,3.88,5.37,5.48,36.6285,19.823,4.56,4,13.7,66225,907.54
1/11/67,33.9,2.6618,4.13,5.61,5.75,37.1523,19.888,4.73,3.9,13.7,66703,865.4299
1/12/67,34,2.4063,4.51,5.71,5.7,37.5525,19.919,4.97,3.8,13.7,66900,887.2
1/1/68,34.1,2.4091,4.6,5.43,5.53,37.512,20.011,5,3.7,13.7,66805,884.77
1/2/68,34.2,2.4092,4.71,5.41,5.56,37.6465,20.092,4.98,3.8,13.7,67215,847.2
1/3/68,34.3,2.3997,5.05,5.58,5.74,37.764,20.157,5.17,3.7,13.7,67295,834.76
1/4/68,34.4,2.4018,5.76,5.71,5.64,37.8186,20.22,5.38,3.5,13.7,67555,893.3701
1/5/68,34.5,2.3892,6.11,6.14,5.87,38.2429,20.295,5.66,3.5,13.7,67653,905.22
1/6/68,34.7,2.3846,6.07,5.98,5.72,38.3833,20.359,5.52,3.7,13.7,67904,906.8201
1/7/68,34.9,2.39,6.02,5.65,5.5,38.3245,20.422,5.31,3.7,13.8,68125,905.3201
1/8/68,35,2.3911,6.03,5.43,5.42,38.4314,20.505,5.09,3.5,13.8,68328,883.72
1/9/68,35.1,2.3874,5.78,5.45,5.46,38.577,20.577,5.19,3.4,13.8,68487,922.8
1/10/68,35.3,2.3897,5.91,5.57,5.58,38.6536,20.668,5.35,3.4,13.8,68720,955.47
1/11/68,35.4,2.3858,5.82,5.75,5.7,39.1535,20.738,5.45,3.4,13.8,68985,964.1201
1/12/68,35.6,2.3842,6.02,6.19,6.03,39.2772,20.782,5.96,3.4,13.8,69246,968.3899
1/1/69,35.7,2.387,6.3,6.34,6.04,39.5148,20.864,6.14,3.4,13.8,69438,934.99
1/2/69,35.8,2.3914,6.61,6.41,6.19,39.7677,20.918,6.12,3.4,13.8,69700,931.29
1/3/69,36.1,2.3917,6.79,6.34,6.3,40.0795,21.017,6.02,3.4,14.3,69905,916.52
1/4/69,36.3,2.3931,7.41,6.26,6.17,39.932,21.11,6.11,3.4,14.5,70072,927.3799
1/5/69,36.4,2.3865,8.67,6.42,6.32,39.7811,21.195,6.04,3.4,14.5,70328,954.8601
1/6/69,36.6,2.3895,8.9,7.04,6.57,40.1698,21.298,6.44,3.5,14.5,70636,896.6101
1/7/69,36.8,2.3904,8.61,7.6,6.72,40.3818,21.392,7,3.5,14.5,70729,844.02
1/8/69,36.9,2.3853,9.19,7.54,6.69,40.4746,21.452,6.98,3.5,14.5,71006,825.46
1/9/69,37.1,2.384,9.15,7.82,7.16,40.4655,21.541,7.09,3.7,14.5,70917,826.71
1/10/69,37.3,2.3902,9,7.64,7.1,40.4774,21.615,7,3.7,14.5,71120,832.51
1/11/69,37.5,2.3963,8.85,7.89,7.14,40.0958,21.708,7.24,3.5,14.5,71087,841.0801
1/12/69,37.7,2.3973,8.97,8.17,7.65,39.9882,21.808,7.82,3.5,14.5,71240,789.22
1/1/70,37.9,2.4004,8.98,8.1,7.79,39.2477,21.885,7.87,3.9,14.5,71176,782.1699
1/2/70,38.1,2.4047,8.98,7.59,7.24,39.2219,21.973,7.13,4.2,14.5,71304,756.21
1/3/70,38.3,2.4058,7.76,6.97,7.07,39.171,22.027,6.63,4.4,14.5,71452,777.6201
1/4/70,38.5,2.4061,8.1,7.06,7.39,39.0702,22.139,6.51,4.6,14.5,71348,771.6499
1/5/70,38.6,2.4037,7.94,7.75,7.91,39.0247,22.209,6.84,4.8,14.5,71123,691.9399
1/6/70,38.8,2.3977,7.6,7.55,7.84,38.8985,22.267,6.68,4.9,14.5,71029,699.3
1/7/70,38.9,2.3906,7.21,7.1,7.46,38.994,22.348,6.45,5,14.3,71053,712.8
1/8/70,39,2.3877,6.61,6.98,7.53,38.9245,22.407,6.41,5.1,14.3,70933,733
1/9/70,39.2,2.3853,6.29,6.73,7.39,38.6561,22.508,6.12,5.4,14.3,70948,759.0601
1/10/70,39.4,2.3874,6.2,6.43,7.33,37.8829,22.619,5.91,5.5,14.3,70519,763.72
1/11/70,39.6,2.3903,5.6,5.51,6.84,37.6534,22.708,5.28,5.9,14.3,70409,769.27
1/12/70,39.8,2.3906,4.9,5,6.39,38.5182,22.809,4.87,6.1,15.4,70790,821.4199
1/1/71,39.9,2.4058,4.14,4.57,6.24,38.8144,22.857,4.44,5.9,15.6,70866,849.04
1/2/71,39.9,2.4178,3.72,3.89,6.11,38.7405,22.924,3.7,5.9,15.6,70806,879.6899
1/3/71,40,2.4187,3.71,3.69,5.7,38.6985,23.001,3.38,6,15.6,70859,901.29
1/4/71,40.1,2.4179,4.15,4.3,5.83,38.9158,23.09,3.86,5.9,15.6,71037,932.54
1/5/71,40.3,2.4187,4.63,5.04,6.39,39.1133,23.187,4.14,5.9,15.6,71247,925.49
1/6/71,40.5,2.4188,4.91,5.64,6.52,39.2773,23.289,4.75,5.9,15.6,71253,900.4299
1/7/71,40.6,2.4185,5.31,6.04,6.73,39.1633,23.36,5.4,6,15.6,71315,887.8101
1/8/71,40.7,2.4346,5.56,5.8,6.58,38.936,23.428,4.94,6.1,15.6,71370,875.3999
1/9/71,40.8,2.4694,5.55,5.41,6.14,39.5688,23.463,4.69,6,15.6,71617,901.22
1/10/71,40.9,2.4896,5.2,4.91,5.93,39.865,23.499,4.46,5.8,15.6,71642,872.1499
1/11/71,41,2.4933,4.91,4.67,5.81,40.0342,23.548,4.22,6,15.6,71846,822.1101
1/12/71,41.1,2.5266,4.14,4.6,5.93,40.4964,23.641,4.01,6,15.6,72108,869.8999
1/1/72,41.2,2.5705,3.5,4.28,5.95,41.4709,23.738,3.38,5.8,15.4,72445,904.6499
1/2/72,41.4,2.6037,3.29,4.27,6.08,41.8616,23.832,3.2,5.7,15.4,72652,914.3701
1/3/72,41.4,2.6181,3.83,4.67,6.07,42.1645,23.866,3.73,5.8,15.4,72945,939.23
1/4/72,41.5,2.6102,4.17,4.96,6.19,42.6064,23.903,3.71,5.7,15.4,73163,958.1599
1/5/72,41.6,2.6124,4.27,4.64,6.13,42.582,23.955,3.69,5.7,15.4,73467,948.22
1/6/72,41.7,2.5691,4.46,4.93,6.11,42.7051,23.992,3.91,5.7,15.4,73760,943.4299
1/7/72,41.8,2.4447,4.55,4.96,6.11,42.6924,24.078,3.98,5.6,15.4,73708,925.9199
1/8/72,41.9,2.4502,4.8,4.98,6.21,43.2568,24.148,4.02,5.6,15.6,74138,958.3401
1/9/72,42.1,2.441,4.87,5.52,6.55,43.5838,24.256,4.66,5.5,15.6,74263,950.5801
1/10/72,42.2,2.3948,5.04,5.52,6.48,44.1699,24.283,4.74,5.6,15.6,74673,944.1001
1/11/72,42.4,2.3515,5.06,5.27,6.28,44.6846,24.356,4.78,5.3,15.6,74967,1001.19
1/12/72,42.5,2.3449,5.33,5.52,6.36,45.2006,24.434,5.07,5.2,15.6,75270,1020.32
1/1/73,42.7,2.3563,5.94,5.89,6.46,45.498,24.508,5.41,4.9,15.6,75621,1026.82
1/2/73,43,2.4272,6.58,6.19,6.64,46.1773,24.637,5.6,5,15.6,76017,974.04
1/3/73,43.4,2.4724,7.09,6.85,6.71,46.1937,24.812,6.09,4.9,15.7,76285,957.3501
1/4/73,43.7,2.4837,7.12,6.85,6.67,46.1272,24.997,6.26,5,16,76455,944.1001
1/5/73,43.9,2.5306,7.84,6.89,6.85,46.4199,25.12,6.36,4.9,16.6,76646,922.4099
1/6/73,44.2,2.5762,8.49,7.31,6.9,46.4535,25.263,7.19,4.9,17.1,76887,893.8999
1/7/73,44.2,2.5375,10.4,8.39,7.13,46.648,25.355,8.01,4.8,17.2,76911,903.6101
1/8/73,45,2.4757,10.5,8.82,7.4,46.5669,25.647,8.67,4.8,17.2,77166,883.73
1/9/73,45.2,2.4183,10.78,8.31,7.09,46.9866,25.75,8.29,4.8,18.2,77276,909.98
1/10/73,45.6,2.4292,10.01,7.4,6.79,47.2997,25.895,7.22,4.6,18.2,77606,967.6201
1/11/73,45.9,2.387,10.03,7.57,6.73,47.548,26.107,7.83,4.8,19,77912,878.98
1/12/73,46.3,2.3174,9.95,7.27,6.74,47.4375,26.322,7.45,4.9,19.9,78035,824.0801
1/1/74,46.8,2.224,9.65,7.42,6.99,47.1083,26.574,7.77,5.1,24.3,78104,857.24
1/2/74,47.3,2.2749,8.97,6.88,6.96,46.9634,26.883,7.12,5.2,27.5,78254,831.33
1/3/74,47.8,2.3406,9.35,7.76,7.21,46.9733,27.195,7.96,5.1,27.5,78296,873.99
1/4/74,48.1,2.3886,10.51,8.62,7.51,46.83,27.387,8.33,5.1,27.5,78382,847.76
1/5/74,48.6,2.4137,11.31,8.78,7.58,47.1848,27.657,8.23,5.1,27.5,78547,830.25
1/6/74,49,2.3902,11.93,8.67,7.54,47.1292,27.891,7.9,5.4,27.5,78602,831.44
1/7/74,49.3,2.3896,12.92,8.8,7.81,47.1505,28.098,7.55,5.5,30.6,78635,782.99
1/8/74,49.9,2.3456,12.01,9.36,8.04,46.6882,28.391,8.96,5.5,30.7,78619,729.3
1/9/74,50.6,2.3165,11.34,8.87,8.04,46.7161,28.687,8.06,5.9,30.7,78611,651.27
1/10/74,51,2.333,10.06,8.05,7.9,46.536,28.893,7.46,6,30.8,78629,638.62
1/11/74,51.5,2.3252,9.45,7.66,7.68,45.0062,29.11,7.47,6.6,31.5,78261,642.1
1/12/74,51.9,2.3294,8.53,7.31,7.43,43.4204,29.341,7.15,7.2,30.4,77657,596.5
1/1/75,52.3,2.3623,7.13,6.83,7.5,42.8246,29.523,6.26,8.1,30.4,77297,659.08
1/2/75,52.6,2.3958,6.24,5.98,7.39,41.8301,29.684,5.5,8.1,31.2,76919,724.88
1/3/75,52.8,2.418,5.54,6.11,7.73,41.3862,29.786,5.49,8.6,31.4,76649,765.04
1/4/75,53,2.3707,5.49,6.9,8.23,41.4258,29.887,5.61,8.8,31.7,76461,790.91
1/5/75,53.1,2.3205,5.22,6.39,8.06,41.3326,30.007,5.23,9,31.9,76623,836.55
1/6/75,53.5,2.2803,5.55,6.29,7.86,41.6042,30.195,5.34,8.8,34.9,76520,845.7
1/7/75,54,2.1845,6.1,7.11,8.06,42.0025,30.454,6.13,8.6,34.1,76769,856.28
1/8/75,54.2,2.1143,6.14,7.7,8.4,42.4426,30.586,6.44,8.4,34.9,77155,815.51
1/9/75,54.6,2.0834,6.24,7.75,8.43,42.9708,30.737,6.42,8.4,34.9,77230,818.28
1/10/75,54.9,2.0568,5.82,6.95,8.14,43.1611,30.916,5.96,8.4,35.2,77535,831.26
1/11/75,55.3,2.0484,5.22,6.49,8.05,43.2561,31.114,5.48,8.3,35.6,77680,845.51
1/12/75,55.6,2.0221,5.2,6.6,8,43.7944,31.286,5.44,8.2,35.8,78018,840.79
1/1/76,55.8,2.0286,4.87,5.81,7.74,44.4309,31.406,4.87,7.9,35.9,78506,929.34
1/2/76,55.9,2.0262,4.77,5.91,7.79,44.8644,31.447,4.88,7.7,33,78817,971.7
1/3/76,56,1.9428,4.84,6.21,7.73,44.916,31.494,5,7.6,33.1,79049,988.55
1/4/76,56.1,1.8463,4.82,5.92,7.56,45.1733,31.565,4.86,7.7,33.4,79292,992.54
1/5/76,56.4,1.8079,5.29,6.4,7.9,45.3729,31.716,5.2,7.4,33.5,79311,988.82
1/6/76,56.7,1.764,5.48,6.52,7.86,45.3841,31.853,5.41,7.6,33.8,79376,985.59
1/7/76,57,1.785,5.31,6.2,7.83,45.6491,32.014,5.23,7.8,34.7,79547,993.2
1/8/76,57.3,1.7828,5.29,6,7.77,45.9698,32.19,5.14,7.8,34.7,79704,981.63
1/9/76,57.6,1.7272,5.25,5.84,7.59,46.1015,32.371,5.08,7.6,34.7,79892,994.37
1/10/76,57.9,1.6377,5.02,5.5,7.41,46.1172,32.541,4.92,7.7,36.1,79905,951.95
1/11/76,58.1,1.6381,4.95,5.29,7.29,46.7939,32.688,4.75,7.8,36.1,80237,944.57
1/12/76,58.4,1.6784,4.65,4.89,6.87,47.2798,32.87,4.35,7.8,36.1,80448,976.86
1/1/77,58.7,1.7124,4.61,5.29,7.21,47.023,33.058,4.62,7.5,35.8,80692,970.62
1/2/77,59.3,1.7103,4.68,5.47,7.39,47.7335,33.316,4.67,7.6,37.4,80988,941.76
1/3/77,59.6,1.7174,4.69,5.5,7.46,48.3415,33.482,4.6,7.4,36.8,81391,946.11
1/4/77,60,1.719,4.73,5.44,7.37,48.7789,33.678,4.54,7.2,37,81729,929.1
1/5/77,60.2,1.7185,5.35,5.84,7.46,49.2046,33.849,4.96,7,37,82089,926.3
1/6/77,60.5,1.7191,5.39,5.8,7.28,49.5627,34.038,5.02,7.2,37.1,82488,916.56
1/7/77,60.8,1.7226,5.42,5.94,7.33,49.6389,34.216,5.19,6.9,36.9,82836,908.2
1/8/77,61.1,1.7397,5.9,6.37,7.4,49.6517,34.376,5.49,7,37.3,83074,872.26
1/9/77,61.3,1.7431,6.14,6.53,7.34,49.8872,34.507,5.81,6.8,37.6,83532,853.29
1/10/77,61.6,1.7711,6.47,6.97,7.52,49.9859,34.668,6.16,6.8,38,83794,823.96
1/11/77,62,1.8178,6.51,6.95,7.58,50.0357,34.869,6.1,6.8,38.6,84173,828.51
1/12/77,62.3,1.8546,6.56,6.96,7.69,50.1135,35.04,6.07,6.4,39.3,84408,818.8
1/1/78,62.7,1.9353,6.7,7.28,7.96,49.4201,35.251,6.44,6.4,39.4,84595,781.08
1/2/78,63,1.9396,6.78,7.34,8.03,49.6618,35.417,6.45,6.3,39.5,84948,763.57
1/3/78,63.4,1.9055,6.79,7.31,8.04,50.6053,35.649,6.29,6.3,40,85461,756.36
1/4/78,63.9,1.8497,6.89,7.45,8.15,51.6639,35.919,6.29,6.1,40.1,86163,794.65
1/5/78,64.5,1.8181,7.36,7.82,8.35,51.8472,36.177,6.41,6,40.3,86509,838.55
1/6/78,65,1.8372,7.6,8.09,8.46,52.2056,36.413,6.73,5.9,40.8,86951,840.26
1/7/78,65.5,1.8949,7.81,8.39,8.64,52.1834,36.613,7.01,6.2,41.2,87205,831.71
1/8/78,65.9,1.9406,8.04,8.31,8.41,52.3807,36.798,7.08,5.9,41.3,87481,887.93
1/9/78,66.5,1.9595,8.45,8.64,8.42,52.5124,37.008,7.85,6,41.7,87618,878.64
1/10/78,67.1,2.0075,8.96,9.14,8.64,52.9384,37.302,7.99,5.8,41.9,87954,857.69
1/11/78,67.5,1.9608,9.76,10.01,8.81,53.3363,37.514,8.64,5.9,42.3,88391,804.29
1/12/78,67.9,1.9861,10.03,10.3,9.01,53.6296,37.689,9.08,6,42.6,88673,807.94
1/1/79,68.5,2.0053,10.07,10.41,9.1,53.2837,37.971,9.35,5.9,43.1,88810,837.39
1/2/79,69.2,2.0042,10.06,10.24,9.1,53.5675,38.173,9.32,5.9,43.9,89054,825.17
1/3/79,69.9,2.0378,10.09,10.25,9.12,53.7364,38.47,9.48,5.8,44.2,89480,847.84
1/4/79,70.6,2.0735,10.01,10.12,9.18,53.1571,38.871,9.46,5.8,44.5,89418,864.95
1/5/79,71.4,2.0587,10.24,10.12,9.25,53.5566,39.272,9.61,5.6,45.8,89791,837.41
1/6/79,72.2,2.1119,10.29,9.57,8.91,53.5534,39.595,9.06,5.7,48.6,90109,838.64
1/7/79,73,2.2598,10.47,9.64,8.95,53.4808,39.895,9.24,5.7,50.5,90215,836.95
1/8/79,73.7,2.2368,10.94,9.98,9.03,53.1195,40.2,9.52,6,52.6,90297,873.55
1/9/79,74.4,2.1966,11.43,10.84,9.33,53.1786,40.554,10.26,5.9,57.6,90325,878.5
1/10/79,75.2,2.1438,13.77,12.44,10.3,53.4617,40.884,11.7,6,59.5,90482,840.39
1/11/79,76,2.1352,13.18,12.39,10.65,53.409,41.167,11.79,5.9,61.4,90576,815.78
1/12/79,76.9,2.2007,13.78,11.98,10.39,53.4536,41.512,12.04,6,64.2,90673,836.14
1/1/80,78,2.2641,13.82,12.06,10.8,53.7071,41.944,12,6.3,70,90802,860.74
1/2/80,79,2.2891,14.13,13.92,12.41,53.7262,42.398,12.86,6.3,70.2,90882,878.22
1/3/80,80.1,2.2045,17.19,15.82,12.75,53.5481,42.916,15.2,6.3,71.3,90994,803.56
1/4/80,80.9,2.2094,17.61,13.3,11.47,52.4571,43.141,13.2,6.9,72.8,90850,786.33
1/5/80,81.7,2.302,10.98,9.39,10.18,51.1904,43.476,8.58,7.5,73.6,90419,828.19
1/6/80,82.5,2.3359,9.47,8.16,9.78,50.5575,43.75,7.07,7.6,74.9,90099,869.86
1/7/80,82.6,2.3732,9.03,8.65,10.25,50.166,44.088,8.06,7.8,75.2,89837,909.78
1/8/80,83.2,2.3704,9.61,10.24,11.1,50.353,44.455,9.13,7.7,77.3,90097,947.33
1/9/80,83.9,2.4012,10.87,11.52,11.51,51.1727,44.866,10.27,7.5,77.9,90210,946.67
1/10/80,84.7,2.4165,12.81,12.49,11.75,51.8129,45.224,11.62,7.5,79,90491,949.17
1/11/80,85.6,2.3941,15.85,14.15,12.68,52.7175,45.592,13.73,7.5,81.9,90748,971.09
1/12/80,86.4,2.3459,18.9,14.88,12.84,53.0142,45.887,15.49,7.2,86.3,90943,945.96
1/1/81,87.2,2.4029,19.08,14.08,12.57,52.7119,46.329,15.02,7.5,96.1,91037,962.13
1/2/81,88,2.2941,15.93,14.57,13.19,52.4633,46.797,14.79,7.4,114.9,91105,945.5
1/3/81,88.6,2.2319,14.7,13.71,13.12,52.7501,47.122,13.36,7.4,114.9,91210,987.18
1/4/81,89.1,2.1753,15.72,14.32,13.68,52.5233,47.326,13.69,7.2,114.9,91283,1004.86
1/5/81,89.7,2.0884,18.52,16.2,14.1,52.8211,47.537,16.3,7.5,114.5,91293,979.52
1/6/81,90.5,1.9738,19.1,14.86,13.47,53.0699,47.725,14.73,7.5,111.3,91490,996.27
1/7/81,91.5,1.8737,19.04,15.72,14.28,53.4044,48.013,14.95,7.2,108.9,91602,947.94
1/8/81,92.2,1.8203,17.82,16.72,14.94,53.3959,48.311,15.51,7.4,108.7,91566,926.25
1/9/81,93.1,1.8146,15.87,16.52,15.32,53.0761,48.602,14.7,7.6,108.7,91479,853.38
1/10/81,93.4,1.8407,15.08,15.38,15.15,52.6972,48.821,13.54,7.9,107.5,91380,853.24
1/11/81,93.8,1.9025,13.31,12.41,13.39,52.0996,49.081,10.86,8.3,107.2,91171,860.44
1/12/81,94.1,1.9033,12.37,12.85,13.72,51.5219,49.23,10.85,8.5,107.3,90893,878.28
1/1/82,94.4,1.886,13.22,14.32,14.59,50.4933,49.52,12.28,8.6,107.3,90567,853.41
1/2/82,94.7,1.847,14.78,14.73,14.43,51.4979,49.668,13.48,8.9,105,90562,833.15
1/3/82,94.7,1.8053,14.68,13.95,13.86,51.1159,49.793,12.68,9,101.6,90432,812.33
1/4/82,95,1.772,14.94,13.98,13.87,50.6623,49.818,12.7,9.3,97.9,90152,844.96
1/5/82,95.9,1.8104,14.45,13.34,13.62,50.3505,50.112,12.09,9.4,97.9,90107,846.72
1/6/82,97,1.7563,14.15,14.07,14.3,50.1943,50.474,12.47,9.6,97.9,89864,804.37
1/7/82,97.5,1.7354,12.59,13.24,13.95,50.0395,50.773,11.35,9.8,98,89522,818.41
1/8/82,97.7,1.725,10.12,11.43,13.06,49.6075,50.93,8.68,9.8,98,89364,832.11
1/9/82,97.7,1.712,10.31,10.85,12.34,49.4584,51.072,7.92,10.1,97.9,89183,917.27
1/10/82,98.1,1.6962,9.71,9.32,10.91,49.011,51.359,7.71,10.4,100.3,88906,988.71
1/11/82,98,1.6321,9.2,9.16,10.55,48.8232,51.516,8.07,10.8,100,88783,1027.76
1/12/82,97.7,1.616,8.95,8.91,10.54,48.4682,51.598,7.94,10.8,98.2,88769,1033.08
1/1/83,97.9,1.5756,8.68,8.62,10.46,49.3992,51.852,7.86,10.4,98.1,88993,1064.29
1/2/83,98,1.5329,8.51,8.92,10.72,49.089,51.943,8.11,10.4,94.5,88918,1087.43
1/3/83,98.1,1.49,8.77,9.04,10.51,49.4906,52.014,8.35,10.3,92.5,89090,1129.58
1/4/83,98.8,1.5361,8.8,8.98,10.4,50.0805,52.251,8.21,10.2,92.5,89366,1168.43
1/5/83,99.2,1.5722,8.63,8.9,10.38,50.4295,52.4,8.19,10.1,92.4,89643,1212.86
1/6/83,99.4,1.548,8.98,9.66,10.85,50.7333,52.596,8.79,10.1,92.4,90022,1221.47
1/7/83,99.8,1.5273,9.37,10.2,11.38,51.5016,52.893,9.08,9.4,92.1,90440,1213.93
1/8/83,100.1,1.5026,9.56,10.53,11.85,52.0679,53.12,9.34,9.5,92.1,90132,1189.21
1/9/83,100.4,1.4986,9.45,10.16,11.65,52.8472,53.306,9,9.2,92.1,91247,1237.04
1/10/83,100.8,1.4969,9.48,9.81,11.54,53.2874,53.398,8.64,8.8,92.1,91518,1252.2
1/11/83,101.1,1.4766,9.34,9.94,11.69,53.4759,53.474,8.76,8.5,92.1,91871,1250
1/12/83,101.4,1.4338,9.47,10.11,11.83,53.7593,53.503,9,8.3,92,92227,1257.64
1/1/84,102.1,1.4076,9.56,9.9,11.67,54.8216,53.734,8.9,8,92.1,92673,1258.88
1/2/84,102.6,1.4417,9.59,10.04,11.84,55.0698,54.095,9.09,7.8,92.1,93154,1164.46
1/3/84,102.9,1.4557,9.91,10.59,12.32,55.3384,54.273,9.52,7.8,92.1,93429,1161.97
1/4/84,103.3,1.421,10.29,10.9,12.63,55.6911,54.479,9.69,7.7,91.9,93792,1152.71
1/5/84,103.5,1.3894,10.32,11.66,13.41,55.9506,54.548,9.83,7.4,91.9,94100,1143.42
1/6/84,103.7,1.377,11.06,12.08,13.56,56.1549,54.647,9.87,7.2,91.8,94479,1121.14
1/7/84,104.1,1.32,11.23,12.03,13.36,56.3326,54.842,10.12,7.5,91.7,94792,1113.27
1/8/84,104.4,1.3132,11.64,11.82,12.72,56.3847,55.012,10.47,7.5,91.5,95034,1212.82
1/9/84,104.7,1.2563,11.3,11.58,12.52,56.2832,55.088,10.37,7.3,91.4,95344,1213.51
1/10/84,105.1,1.2196,9.99,10.9,12.16,56.1943,55.218,9.74,7.4,91.3,95630,1199.3
1/11/84,105.3,1.2392,9.43,9.82,11.57,56.4108,55.297,8.61,7.2,89.4,95979,1211.3
1/12/84,105.5,1.1861,8.38,9.33,11.5,56.4759,55.454,8.06,7.3,88.6,96107,1188.96
1/1/85,105.7,1.1271,8.35,9.02,11.38,56.3801,55.732,7.76,7.3,86.1,96373,1238.16
1/2/85,106.3,1.0931,8.5,9.29,11.51,56.5796,55.998,8.27,7.2,83.9,96497,1283.23
1/3/85,106.8,1.1253,8.58,9.86,11.86,56.6645,56.224,8.52,7.2,83.9,96843,1268.83
1/4/85,107,1.2377,8.27,9.14,11.43,56.5122,56.31,7.95,7.3,84.2,97039,1266.36
1/5/85,107.2,1.2483,7.97,8.46,10.85,56.5982,56.45,7.48,7.2,84.7,97313,1279.4
1/6/85,107.5,1.2808,7.53,7.8,10.16,56.6317,56.609,6.95,7.4,84.6,97459,1314
1/7/85,107.7,1.3807,7.88,7.86,10.31,56.2637,56.749,7.08,7.4,84.4,97649,1343.17
1/8/85,107.9,1.3841,7.9,8.05,10.33,56.496,56.938,7.14,7.1,83.7,97842,1326.18
1/9/85,108.1,1.3642,7.92,8.07,10.37,56.7412,57.032,7.1,7.1,83.9,98045,1317.95
1/10/85,108.5,1.4215,7.99,8.01,10.24,56.508,57.124,7.16,7.1,84.3,98233,1351.58
1/11/85,109,1.4396,8.05,7.88,9.78,56.6984,57.286,7.24,7,84.7,98442,1432.88
1/12/85,109.5,1.4447,8.27,7.67,9.26,57.2954,57.479,7.1,7,85.1,98609,1517.01
1/1/86,109.9,1.4244,8.14,7.73,9.19,57.5555,57.748,7.07,6.7,84.3,98734,1534.86
1/2/86,109.7,1.4297,7.86,7.61,8.7,57.1707,57.75,7.06,7.2,66.7,98841,1652.73
1/3/86,109.1,1.4674,7.48,7.03,7.78,56.7784,57.622,6.56,7.2,48.2,98935,1757.35
1/4/86,108.7,1.4985,6.99,6.44,7.3,56.8228,57.5,6.06,7.1,41,99122,1807.05
1/5/86,109,1.5211,6.85,6.65,7.71,56.938,57.601,6.15,7.2,40,99249,1801.8
1/6/86,109.4,1.5085,6.92,6.73,7.8,56.7427,57.81,6.21,7.2,41,99155,1867.7
1/7/86,109.5,1.5071,6.56,6.27,7.3,57.0569,57.822,5.83,7,37.2,99473,1809.92
1/8/86,109.6,1.4861,6.17,5.93,7.17,56.9807,57.891,5.53,6.9,36,99587,1843.45
1/9/86,110,1.4698,5.89,5.77,7.45,57.0954,58.077,5.21,7,42.5,99934,1813.47
1/10/86,110.2,1.4264,5.85,5.72,7.43,57.3542,58.18,5.18,7,42.1,100120,1817.04
1/11/86,110.4,1.4238,6.04,5.8,7.25,57.623,58.283,5.35,6.9,41.9,100306,1883.65
1/12/86,110.8,1.4393,6.91,5.87,7.11,58.1006,58.361,5.53,6.6,42,100511,1924.07
1/1/87,111.4,1.5054,6.43,5.78,7.08,57.9173,58.628,5.43,6.6,50.4,100683,2065.13
1/2/87,111.8,1.528,6.1,5.96,7.25,58.663,58.838,5.59,6.6,52.4,100915,2202.34
1/3/87,112.2,1.5923,6.13,6.03,7.25,58.7602,58.997,5.59,6.6,52.3,101164,2292.61
1/4/87,112.7,1.6313,6.37,6.5,8.02,59.1416,59.209,5.64,6.3,53.2,101502,2302.64
1/5/87,113,1.6666,6.85,7,8.61,59.517,59.356,5.66,6.3,54.7,101728,2291.11
1/6/87,113.5,1.6288,6.73,6.8,8.4,59.7996,59.576,5.67,6.2,56.4,101900,2384.02
1/7/87,113.8,1.609,6.58,6.68,8.45,60.2152,59.713,5.69,6.1,59.8,102247,2481.72
1/8/87,114.3,1.5996,6.73,7.03,8.76,60.7146,59.948,6.04,6,61.1,102418,2655.01
1/9/87,114.7,1.6446,7.22,7.67,9.42,60.8781,60.151,6.4,5.9,57.8,102646,2570.8
1/10/87,115,1.662,7.29,7.59,9.52,61.7569,60.348,6.13,6,56.9,103138,2224.59
1/11/87,115.4,1.7754,6.69,6.96,8.86,62.091,60.465,5.69,5.8,56.6,103370,1931.86
1/12/87,115.6,1.8288,6.77,7.17,8.99,62.394,60.576,5.77,5.7,54.1,103664,1910.07
1/1/88,116,1.8009,6.83,6.99,8.67,62.4207,60.805,5.81,5.7,50.1,103758,1947.35
1/2/88,116.2,1.7582,6.58,6.64,8.21,62.6908,60.893,5.66,5.7,49.7,104211,1980.64
1/3/88,116.5,1.833,6.58,6.71,8.37,62.8421,61.103,5.7,5.7,47.2,104487,2044.31
1/4/88,117.2,1.8782,6.87,7.01,8.72,63.1885,61.401,5.91,5.4,49.1,104732,2036.13
1/5/88,117.5,1.8695,7.09,7.4,9.09,63.1203,61.58,6.26,5.6,51.5,104961,1988.91
1/6/88,118,1.7768,7.51,7.49,8.92,63.2843,61.841,6.46,5.4,50.6,105324,2104.94
1/7/88,118.5,1.7051,7.75,7.75,9.06,63.3155,62.142,6.73,5.4,45.7,105546,2104.22
1/8/88,119,1.6965,8.01,8.17,9.26,63.5859,62.325,7.06,5.6,45,105670,2051.29
1/9/88,119.5,1.684,8.19,8.09,8.98,63.405,62.63,7.24,5.4,42.6,106009,2080.06
1/10/88,119.9,1.7388,8.3,8.11,8.8,63.7184,62.831,7.35,5.4,39.3,106277,2144.31
1/11/88,120.3,1.8085,8.35,8.48,8.96,63.8175,62.975,7.76,5.3,39.2,106616,2099.04
1/12/88,120.7,1.8258,8.76,8.99,9.11,64.1273,63.165,8.07,5.3,44.3,106906,2148.58
1/1/89,121.2,1.7737,9.12,9.05,9.09,64.3162,63.482,8.27,5.4,49.7,107168,2234.67
1/2/89,121.6,1.7534,9.36,9.25,9.17,64.026,63.686,8.53,5.2,50.3,107426,2304.3
1/3/89,122.2,1.7134,9.85,9.57,9.36,64.166,63.919,8.82,5,53.9,107619,2283.11
1/4/89,123.1,1.7008,9.84,9.36,9.18,64.222,64.341,8.65,5.2,58.9,107792,2348.91
1/5/89,123.7,1.6307,9.81,8.98,8.86,63.7707,64.575,8.43,5.2,59.5,107910,2439.55
1/6/89,124.1,1.553,9.53,8.44,8.28,63.8022,64.713,8.15,5.3,58.3,108026,2494.88
1/7/89,124.5,1.6268,9.24,7.89,8.02,63.236,64.86,7.88,5.2,59.9,108066,2554.03
1/8/89,124.5,1.5947,8.99,8.18,8.11,63.8059,64.864,7.9,5.2,53.5,108115,2691.11
1/9/89,124.8,1.5715,9.02,8.22,8.19,63.576,65.006,7.75,5.3,56.2,108365,2693.41
1/10/89,125.4,1.5874,8.84,7.99,8.01,63.5346,65.261,7.64,5.3,57.6,108476,2692.01
1/11/89,125.9,1.5726,8.55,7.77,7.87,63.7465,65.401,7.69,5.4,57.6,108753,2642.48
1/12/89,126.3,1.5965,8.45,7.72,7.84,64.1419,65.589,7.63,5.4,59.8,108849,2728.47
1/1/90,127.5,1.6512,8.23,7.92,8.21,63.7117,66.077,7.64,5.4,64.3,109184,2679.23
1/2/90,128,1.6961,8.24,8.11,8.47,64.3504,66.365,7.74,5.3,65,109432,2614.18
1/3/90,128.6,1.6245,8.28,8.35,8.59,64.6721,66.608,7.9,5.2,60,109647,2701.95
1/4/90,128.9,1.6372,8.26,8.4,8.79,64.5975,66.752,7.77,5.4,52.6,109687,2708.25
1/5/90,129.1,1.6774,8.18,8.32,8.76,64.7028,66.896,7.74,5.4,54.5,109840,2793.81
1/6/90,129.9,1.7103,8.29,8.1,8.48,64.9174,67.191,7.73,5.2,47.9,109865,2894.83
1/7/90,130.5,1.8098,8.15,7.94,8.47,64.8436,67.348,7.62,5.5,46.3,109829,2934.22
1/8/90,131.6,1.9013,8.13,7.78,8.75,65.043,67.797,7.45,5.7,75.2,109619,2681.89
1/9/90,132.5,1.8794,8.2,7.76,8.89,65.1372,68.215,7.36,5.9,91,109517,2550.69
1/10/90,133.4,1.9456,8.11,7.55,8.72,64.6442,68.602,7.17,5.9,118,109370,2460.54
1/11/90,133.7,1.9642,7.81,7.31,8.39,63.8853,68.685,7.06,6.2,97.3,109220,2518.56
1/12/90,134.2,1.9219,7.31,7.05,8.08,63.4658,68.741,6.74,6.3,79.3,109163,2610.91
1/1/91,134.7,1.9346,6.91,6.64,8.09,63.1915,68.996,6.22,6.4,87.9,109042,2587.6
1/2/91,134.8,1.9641,6.25,6.27,7.85,62.7585,69.021,5.94,6.6,64.2,108735,2863.05
1/3/91,134.8,1.8214,6.12,6.4,8.11,62.4265,69.032,5.91,6.8,54.1,108577,2920.11
1/4/91,135.1,1.7497,5.91,6.24,8.04,62.5503,69.154,5.65,6.7,56.3,108365,2925.54
1/5/91,135.6,1.7238,5.78,6.13,8.07,63.1756,69.44,5.46,6.9,58.8,108249,2928.42
1/6/91,136,1.6497,5.9,6.36,8.28,63.742,69.557,5.57,6.9,56.2,108337,2968.13
1/7/91,136.2,1.6513,5.82,6.31,8.27,63.8029,69.667,5.58,6.8,59.3,108297,2978.19
1/8/91,136.6,1.6841,5.66,5.78,7.9,63.8503,69.827,5.33,6.9,60.4,108314,3006.09
1/9/91,137,1.7265,5.45,5.57,7.65,64.4151,70.067,5.22,6.9,60.4,108334,3010.35
1/10/91,137.2,1.7231,5.21,5.33,7.53,64.2992,70.197,4.99,7,66.3,108359,3019.73
1/11/91,137.8,1.7796,4.81,4.89,7.42,64.2209,70.348,4.56,7,64,108303,2986.18
1/12/91,138.2,1.8272,4.43,4.38,7.09,63.9602,70.52,4.07,7.3,55.1,108325,2958.64
1/1/92,138.3,1.809,4.03,4.15,7.03,63.596,70.613,3.8,7.3,51.3,108374,3227.06
1/2/92,138.6,1.7778,4.06,4.29,7.34,64.0409,70.789,3.84,7.4,53.5,108317,3257.27
1/3/92,139.1,1.7238,3.98,4.63,7.54,64.5973,70.962,4.04,7.4,51,108369,3247.41
1/4/92,139.4,1.7566,3.73,4.3,7.48,65.0756,71.153,3.75,7.4,56,108526,3294.08
1/5/92,139.7,1.8095,3.82,4.19,7.39,65.2831,71.248,3.63,7.6,59.2,108653,3376.78
1/6/92,140.1,1.8551,3.76,4.17,7.26,65.2957,71.374,3.66,7.8,64.3,108718,3337.78
1/7/92,140.5,1.9177,3.25,3.6,6.84,65.8801,71.609,3.21,7.7,61.9,108792,3329.4
1/8/92,140.8,1.9434,3.3,3.47,6.59,65.5581,71.704,3.13,7.6,60.5,108927,3307.45
1/9/92,141.1,1.8465,3.22,3.18,6.42,65.715,71.823,2.91,7.6,63.1,108959,3293.91
1/10/92,141.7,1.6529,3.1,3.3,6.59,66.2013,72.078,2.86,7.3,63.4,109145,3198.69
1/11/92,142.1,1.5268,3.09,3.68,6.87,66.4879,72.223,3.13,7.4,58.5,109277,3238.49
1/12/92,142.3,1.551,2.92,3.71,6.77,66.5431,72.35,3.22,7.4,53.8,109494,3303.14
1/1/93,142.8,1.5325,3.02,3.5,6.6,66.8264,72.524,3,7.3,52,109804,3277.7
1/2/93,143.1,1.4395,3.03,3.39,6.26,67.1172,72.633,2.93,7.1,56.1,110051,3367.26
1/3/93,143.3,1.4617,3.07,3.33,5.98,67.0479,72.781,2.95,7,58.1,109997,3440.73
1/4/93,143.8,1.5447,2.96,3.24,5.97,67.2498,72.977,2.87,7.1,57.7,110304,3423.62
1/5/93,144.2,1.5477,3,3.36,6.04,67.0325,73.203,2.96,7.1,57.9,110573,3478.17
1/6/93,144.3,1.5082,3.04,3.54,5.96,67.1532,73.229,3.07,7,52.9,110749,3513.81
1/7/93,144.5,1.4955,3.06,3.47,5.81,67.3586,73.345,3.04,6.9,50.2,111055,3529.43
1/8/93,144.8,1.4914,3.03,3.44,5.68,67.2888,73.471,3.02,6.8,48.3,111210,3597.01
1/9/93,145,1.5248,3.09,3.36,5.36,67.6092,73.55,2.95,6.7,46.5,111455,3592.28
1/10/93,145.6,1.5023,2.99,3.39,5.33,68.1214,73.78,3.02,6.8,51.8,111741,3625.8
1/11/93,146,1.4808,3.02,3.58,5.72,68.4089,73.917,3.1,6.6,46,111991,3674.69
1/12/93,146.3,1.4913,2.96,3.61,5.77,68.7737,73.934,3.06,6.5,38.9,112314,3744.1
1/1/94,146.3,1.4923,3.05,3.54,5.75,69.0299,73.958,2.98,6.6,39.3,112590,3868.35
1/2/94,146.7,1.4792,3.25,3.87,5.97,69.0418,74.127,3.25,6.6,37.8,112788,3905.61
1/3/94,147.1,1.4919,3.34,4.32,6.48,69.7582,74.333,3.5,6.5,39.6,113249,3816.98
1/4/94,147.2,1.4823,3.56,4.82,6.97,70.125,74.42,3.68,6.4,42.7,113596,3661.48
1/5/94,147.5,1.5042,4.01,5.31,7.18,70.4978,74.528,4.14,6.1,48.9,113929,3707.99
1/6/94,147.9,1.5262,4.25,5.27,7.1,70.948,74.708,4.14,6.1,52.9,114248,3737.58
1/7/94,148.4,1.5467,4.26,5.48,7.3,71.0595,74.944,4.33,6.1,56.2,114618,3718.3
1/8/94,149,1.5422,4.47,5.56,7.24,71.4749,75.111,4.48,6,54.4,114900,3797.46
1/9/94,149.3,1.5661,4.73,5.76,7.46,71.7333,75.195,4.62,5.9,48.3,115260,3880.59
1/10/94,149.4,1.6064,4.76,6.11,7.74,72.3479,75.322,4.95,5.8,49.3,115469,3868.09
1/11/94,149.8,1.5892,5.29,6.54,7.96,72.8018,75.469,5.29,5.6,49.1,115876,3792.42
1/12/94,150.1,1.5587,5.45,7.14,7.81,73.5563,75.519,5.6,5.5,47.1,116168,3770.3
1/1/95,150.5,1.5746,5.53,7.05,7.78,73.6891,75.667,5.71,5.6,48.4,116495,3872.45
1/2/95,150.9,1.572,5.92,6.7,7.47,73.5889,75.795,5.77,5.4,51,116693,3953.71
1/3/95,151.2,1.6002,5.98,6.43,7.2,73.6895,75.931,5.73,5.4,50.6,116912,4062.76
1/4/95,151.8,1.6073,6.05,6.27,7.06,73.676,76.128,5.65,5.8,55.3,117074,4230.65
1/5/95,152.1,1.5874,6.01,6,6.63,73.8858,76.24,5.67,5.6,56,117057,4391.56
1/6/95,152.4,1.5948,6,5.64,6.17,74.1391,76.309,5.47,5.6,53.3,117297,4510.75
1/7/95,152.6,1.5952,5.85,5.59,6.28,73.8447,76.404,5.42,5.7,48.3,117389,4684.75
1/8/95,152.9,1.5668,5.74,5.75,6.49,74.7803,76.568,5.4,5.7,49.1,117641,4639.25
1/9/95,153.1,1.559,5.8,5.62,6.2,75.0755,76.621,5.28,5.6,51.4,117893,4746.75
1/10/95,153.5,1.5779,5.76,5.59,6.04,74.9925,76.818,5.28,5.5,48.3,118045,4760.44
1/11/95,153.7,1.5625,5.8,5.43,5.93,75.1822,76.819,5.36,5.6,49,118191,4935.79
1/12/95,153.9,1.5405,5.6,5.31,5.71,75.4725,76.968,5.14,5.6,52.2,118323,5136.09
1/1/96,154.7,1.5288,5.56,5.09,5.65,74.9823,77.143,5,5.6,56,118310,5179.37
1/2/96,155,1.536,5.22,4.94,5.81,76.153,77.263,4.83,5.5,52.8,118735,5518.73
1/3/96,155.5,1.5271,5.31,5.34,6.27,76.0724,77.492,4.96,5.5,57.7,119000,5612.24
1/4/96,156.1,1.516,5.22,5.54,6.51,76.7608,77.721,4.95,5.6,66,119165,5579.86
1/5/96,156.4,1.5152,5.24,5.64,6.74,77.3269,77.854,5.02,5.6,61,119491,5616.71
1/6/96,156.7,1.5416,5.27,5.81,6.91,77.9694,77.854,5.09,5.3,57.7,119772,5671.4
1/7/96,157,1.553,5.4,5.85,6.87,77.8351,78.02,5.15,5.5,59.9,120023,5496.26
1/8/96,157.2,1.5499,5.22,5.67,6.64,78.3005,78.097,5.05,5.1,62,120208,5685.5
1/9/96,157.7,1.5593,5.3,5.83,6.83,78.8378,78.31,5.09,5.2,67.2,120421,5804.01
1/10/96,158.2,1.5863,5.24,5.55,6.53,78.7843,78.544,4.99,5.2,72,120682,5996.21
1/11/96,158.7,1.6623,5.31,5.42,6.2,79.4683,78.689,5.03,5.4,68.5,120977,6318.36
1/12/96,159.1,1.6639,5.29,5.47,6.3,79.9829,78.78,4.91,5.4,70.9,121148,6435.87
1/1/97,159.4,1.6585,5.25,5.61,6.58,80.0837,78.881,5.03,5.3,73.4,121379,6707.03
1/2/97,159.7,1.6256,5.19,5.53,6.42,81.0483,79.045,5.01,5.2,64.5,121687,6917.48
1/3/97,159.8,1.6096,5.39,5.8,6.69,81.6195,79.126,5.14,5.2,56.3,121999,6901.12
1/4/97,159.9,1.6293,5.51,5.99,6.89,81.6408,79.2,5.16,5.1,56.1,122291,6657.5
1/5/97,159.9,1.6322,5.5,5.87,6.71,82.1311,79.169,5.05,4.9,60.2,122554,7242.36
1/6/97,160.2,1.6449,5.56,5.69,6.49,82.5332,79.268,4.93,5,51.8,122818,7599.6
1/7/97,160.4,1.6694,5.52,5.54,6.22,83.1538,79.312,5.05,4.9,54.9,123121,7990.65
1/8/97,160.8,1.6035,5.54,5.56,6.3,84.0293,79.377,5.14,4.8,54.9,123099,7948.43
1/9/97,161.2,1.6013,5.54,5.52,6.21,84.7873,79.557,4.95,4.9,53.3,123598,7866.59
1/10/97,161.5,1.633,5.5,5.46,6.03,85.5125,79.66,4.97,4.7,57.3,123942,7875.83
1/11/97,161.7,1.6889,5.52,5.46,5.88,86.2601,79.67,5.14,4.6,56.4,124241,7677.36
1/12/97,161.8,1.6597,5.5,5.53,5.81,86.5262,79.657,5.16,4.7,50.8,124559,7909.82
1/1/98,162,1.635,5.56,5.24,5.54,86.9662,79.688,5.04,4.6,43.4,124831,7808.35
1/2/98,162,1.6408,5.51,5.31,5.57,87.0687,79.639,5.09,4.6,43.2,125029,8323.61
1/3/98,162,1.6619,5.49,5.39,5.65,87.1414,79.645,5.03,4.7,35.8,125174,8709.47
1/4/98,162.2,1.6723,5.45,5.38,5.64,87.4497,79.746,4.95,4.3,38.1,125454,9037.44
1/5/98,162.6,1.6382,5.49,5.44,5.65,88.0124,79.858,5,4.4,38.3,125856,9080.07
1/6/98,162.8,1.6504,5.56,5.41,5.5,87.4571,79.794,4.98,4.5,33.6,126079,8872.96
1/7/98,163.2,1.6437,5.54,5.36,5.46,87.1484,79.986,4.96,4.5,35.9,126209,9097.14
1/8/98,163.4,1.6342,5.55,5.21,5.34,88.936,80.095,4.9,4.5,30.4,126549,8478.52
1/9/98,163.5,1.6823,5.51,4.71,4.81,88.778,80.044,4.61,4.6,36,126767,7909.79
1/10/98,163.9,1.6944,5.07,4.12,4.53,89.4857,80.215,3.96,4.5,35.2,126968,8164.47
1/11/98,164.1,1.6611,4.83,4.53,4.83,89.4358,80.217,4.41,4.4,32.7,127241,9005.75
1/12/98,164.4,1.6708,4.68,4.52,4.65,89.7761,80.302,4.39,4.4,26.1,127608,9018.68
1/1/99,164.7,1.6498,4.63,4.51,4.72,90.1893,80.448,4.34,4.3,30.2,127725,9345.592
1/2/99,164.7,1.6276,4.76,4.7,5,90.6683,80.428,4.44,4.4,26.2,128135,9322.944
1/3/99,164.8,1.6213,4.81,4.78,5.23,90.831,80.484,4.44,4.2,33.3,128242,9753.634
1/4/99,165.9,1.6089,4.74,4.69,5.18,91.0632,80.856,4.29,4.3,42.4,128614,10415.73
1/5/99,166,1.6154,4.74,4.85,5.54,91.7311,80.889,4.5,4.2,47.2,128825,10853.87
1/6/99,166,1.595,4.76,5.1,5.9,91.5818,80.906,4.57,4.3,48.8,129089,10704.02
1/7/99,166.7,1.5751,4.99,5.03,5.79,92.1587,81.12,4.55,4.3,53.7,129417,11052.22
1/8/99,167.1,1.6058,5.07,5.2,5.94,92.5363,81.263,4.72,4.2,57.2,129571,10935.47
1/9/99,167.8,1.6247,5.22,5.25,5.92,92.1699,81.547,4.68,4.2,65.5,129796,10714.03
1/10/99,168.1,1.6572,5.2,5.43,6.11,93.3786,81.677,4.86,4.1,60.9,130190,10396.88
1/11/99,168.4,1.6205,5.42,5.55,6.03,93.824,81.749,5.07,4.1,66.7,130479,10809.8
1/12/99,168.8,1.6132,5.3,5.84,6.28,94.5441,81.951,5.2,4,71,130789,11246.36
1/1/00,169.3,1.6404,5.45,6.12,6.66,94.5458,82.186,5.32,4,72.2,131007,11281.26
1/2/00,170,1.6,5.73,6.22,6.52,94.8185,82.445,5.55,4.1,83.5,131138,10541.93
1/3/00,171,1.5799,5.85,6.22,6.26,95.1983,82.797,5.69,4,86.9,131605,10483.39
1/4/00,170.9,1.5823,6.02,6.15,5.99,95.8921,82.72,5.66,3.8,69.6,131898,10944.31
1/5/00,171.2,1.509,6.27,6.33,6.44,96.0691,82.784,5.79,4,79.6,132117,10580.27
1/6/00,172.2,1.5092,6.53,6.17,6.1,96.1568,83.056,5.69,4,89.8,132081,10582.93
1/7/00,172.7,1.5076,6.54,6.08,6.05,96.0239,83.256,5.96,4,83.3,132254,10662.95
1/8/00,172.7,1.4889,6.5,6.18,5.83,95.7182,83.243,6.09,4.1,89.3,132239,11014.51
1/9/00,173.6,1.4336,6.52,6.13,5.8,96.1105,83.604,6,3.9,97.4,132383,10967.87
1/10/00,173.9,1.4506,6.51,6.01,5.74,95.8225,83.718,6.11,3.9,93.1,132368,10440.96
1/11/00,174.2,1.4258,6.51,6.09,5.72,95.8391,83.83,6.17,3.9,98.8,132590,10666.06
1/12/00,174.6,1.4629,6.4,5.6,5.24,95.5791,83.938,5.77,3.9,78.8,132727,10652.41
1/1/01,175.6,1.4775,5.98,4.81,5.16,94.9499,84.311,5.15,4.2,75.4,132702,10682.74
1/2/01,176,1.4525,5.49,4.68,5.1,94.369,84.424,4.88,4.2,80.7,132776,10774.57
1/3/01,176.1,1.4445,5.31,4.3,4.89,94.1259,84.427,4.42,4.3,73.1,132748,10081.32
1/4/01,176.4,1.4348,4.8,3.98,5.14,93.9061,84.584,3.87,4.4,74.5,132469,10234.52
1/5/01,177.3,1.4265,4.21,3.78,5.39,93.2803,84.814,3.62,4.3,77.7,132428,11004.96
1/6/01,177.7,1.402,3.97,3.58,5.28,92.7057,84.974,3.49,4.5,77,132307,10767.2
1/7/01,177.4,1.4148,3.77,3.62,5.24,92.1721,84.949,3.51,4.6,72.8,132199,10444.5
1/8/01,177.4,1.4372,3.65,3.47,4.97,92.0023,84.946,3.36,4.9,72.6,132053,10314.68
1/9/01,178.1,1.4638,3.07,2.82,4.73,91.6795,84.67,2.64,5,73,131803,9042.561
1/10/01,177.6,1.4501,2.49,2.33,4.57,91.2682,84.978,2.16,5.3,56.9,131475,9220.751
1/11/01,177.5,1.4356,2.09,2.18,4.65,90.7894,84.921,1.87,5.5,51.3,131178,9721.82
1/12/01,177.4,1.4413,1.82,2.22,5.09,90.8311,84.833,1.69,5.7,45.4,131001,9979.879
1/1/02,177.7,1.4322,1.73,2.16,5.04,91.3471,84.893,1.65,5.7,48.6,130852,9923.802
1/2/02,178,1.4227,1.74,2.23,4.91,91.3672,85.035,1.72,5.7,53.5,130724,9891.047
1/3/02,178.5,1.423,1.73,2.57,5.28,92.1054,85.272,1.79,5.7,65,130707,10500.95
1/4/02,179.3,1.4429,1.75,2.48,5.21,92.479,85.64,1.71,5.9,70.7,130624,10165.18
1/5/02,179.5,1.4598,1.75,2.35,5.16,92.8824,85.709,1.73,5.8,77.1,130641,10080.48
1/6/02,179.6,1.4837,1.75,2.2,4.93,93.7637,85.818,1.7,5.8,63.6,130692,9492.436
1/7/02,180,1.5565,1.73,1.96,4.65,93.5461,85.996,1.68,5.8,68.3,130615,8616.523
1/8/02,180.5,1.5368,1.74,1.76,4.26,93.5765,86.161,1.62,5.7,72.8,130608,8685.48
1/9/02,180.8,1.5563,1.75,1.72,3.87,93.7116,86.308,1.63,5.7,77.5,130541,8184.715
1/10/02,181.2,1.5575,1.75,1.65,3.94,93.4006,86.469,1.58,5.7,76.7,130654,8048.122
1/11/02,181.5,1.5711,1.34,1.49,4.05,93.8758,86.555,1.23,5.9,67.6,130660,8640.294
1/12/02,181.8,1.5863,1.24,1.45,4.03,93.4191,86.625,1.19,6,72.9,130490,8526.66
1/1/03,182.6,1.6175,1.24,1.36,4.05,93.9571,86.853,1.17,5.8,86.1,130597,8474.586
1/2/03,183.6,1.6079,1.26,1.3,3.9,94.2558,87.209,1.17,5.9,95.2,130451,7916.184
1/3/03,183.9,1.5825,1.25,1.24,3.81,94.0416,87.421,1.13,5.9,95.1,130243,7977.735
1/4/03,183.2,1.5739,1.26,1.27,3.96,93.3666,87.271,1.13,6,76.1,130194,8332.086
1/5/03,182.9,1.6224,1.26,1.18,3.57,93.3852,87.17,1.07,6.1,74,130205,8623.415
1/6/03,183.1,1.6609,1.22,1.01,3.33,93.5219,87.265,0.92,6.3,82.3,130198,9098.073
1/7/03,183.7,1.6221,1.01,1.12,3.98,93.9144,87.502,0.9,6.2,82.4,130217,9154.395
1/8/03,184.5,1.5939,1.03,1.31,4.45,93.7371,87.778,0.95,6.1,83.8,130171,9284.779
1/9/03,185.1,1.6155,1.01,1.24,4.27,94.3262,88.026,0.94,6.1,75,130281,9492.537
1/10/03,184.9,1.6792,1.01,1.25,4.29,94.4442,87.998,0.92,6,81.7,130486,9682.459
1/11/03,185,1.6897,1,1.34,4.3,95.2224,88.089,0.93,5.8,80.4,130489,9762.201
1/12/03,185.5,1.7516,0.98,1.31,4.27,95.1545,88.286,0.9,5.7,83.3,130610,10124.66
1/1/04,186.3,1.8255,1,1.24,4.15,95.3434,88.606,0.88,5.7,90.9,130777,10540.05
1/2/04,186.7,1.8673,1.01,1.24,4.08,95.9228,88.815,0.93,5.6,89.9,130835,10601.5
1/3/04,187.1,1.8261,1,1.19,3.83,95.4538,88.969,0.94,5.8,96.6,131163,10323.73
1/4/04,187.4,1.8031,1,1.43,4.35,95.8653,89.123,0.94,5.6,98.4,131417,10418.4
1/5/04,188.2,1.786,1,1.78,4.72,96.6472,89.426,1.02,5.6,106.5,131714,10083.81
1/6/04,188.9,1.8279,1.03,2.12,4.73,95.8588,89.715,1.27,5.6,99.2,131796,10364.9
1/7/04,189.1,1.8438,1.26,2.1,4.5,96.5901,89.834,1.33,5.5,105.5,131841,10152.09
1/8/04,189.2,1.8203,1.43,2.02,4.28,96.6687,89.908,1.48,5.4,119.3,131957,10032.8
1/9/04,189.8,1.7937,1.61,2.12,4.13,96.745,90.083,1.65,5.4,118.3,132114,10204.67
1/10/04,190.8,1.8077,1.76,2.23,4.1,97.6604,90.43,1.76,5.5,139.9,132462,10001.6
1/11/04,191.7,1.8607,1.93,2.5,4.19,97.8427,90.734,2.07,5.4,125,132525,10411.76
1/12/04,191.7,1.9286,2.16,2.67,4.23,98.5495,90.793,2.19,5.4,108.7,132651,10673.38
1/1/05,191.6,1.8797,2.28,2.86,4.22,99.002,90.854,2.33,5.3,119.6,132798,10539.51
1/2/05,192.4,1.8871,2.5,3.03,4.17,99.6741,91.12,2.54,5.4,123.9,133042,10723.82
1/3/05,193.1,1.9043,2.63,3.3,4.5,99.5181,91.392,2.74,5.2,145,133180,10682.09
1/4/05,193.7,1.8961,2.79,3.32,4.34,99.6518,91.655,2.78,5.2,137.5,133538,10283.19
1/5/05,193.6,1.8559,3,3.33,4.14,99.8158,91.738,2.84,5.1,135.2,133710,10377.18
1/6/05,193.7,1.8177,3.04,3.36,4,100.2232,91.792,2.97,5,147.6,133957,10486.68
1/7/05,194.9,1.7507,3.26,3.64,4.18,99.8997,92.181,3.22,5,161.7,134328,10545.38
1/8/05,196.1,1.7944,3.5,3.87,4.26,100.1025,92.563,3.44,4.9,172.1,134524,10554.27
1/9/05,198.8,1.8064,3.62,3.85,4.2,98.2644,93.458,3.42,5,171.3,134590,10532.54
1/10/05,199.1,1.7651,3.78,4.18,4.46,99.4949,93.594,3.71,5,170.4,134676,10324.31
1/11/05,198.1,1.7349,4,4.33,4.54,100.5129,93.381,3.88,5,153.8,135013,10695.25
1/12/05,198.1,1.7458,4.16,4.35,4.47,101.1118,93.4,3.89,4.9,162.6,135168,10827.79
1/1/06,199.3,1.7686,4.29,4.45,4.42,101.2313,93.811,4.24,4.7,171.9,135450,10872.48
1/2/06,199.4,1.748,4.49,4.68,4.57,101.2755,93.852,4.43,4.8,160.2,135762,10971.19
1/3/06,199.7,1.7442,4.59,4.77,4.72,101.4651,94.007,4.51,4.7,167.3,136059,11144.45
1/4/06,200.7,1.768,4.79,4.9,4.99,101.9012,94.398,4.6,4.7,187.1,136227,11234.68
1/5/06,201.3,1.8687,4.94,5,5.11,101.7589,94.609,4.72,4.6,191.9,136258,11333.88
1/6/06,201.8,1.8435,4.99,5.16,5.11,102.1304,94.832,4.79,4.6,187.2,136337,10997.97
1/7/06,202.9,1.8443,5.24,5.22,5.09,102.0989,95.167,4.95,4.7,202,136543,11032.53
1/8/06,203.8,1.8941,5.25,5.08,4.88,102.4526,95.467,4.96,4.7,198.7,136722,11257.35
1/9/06,202.8,1.8839,5.25,4.97,4.72,102.2753,95.232,4.81,4.5,172.2,136870,11533.6
1/10/06,201.9,1.8765,5.25,5.01,4.73,102.2299,94.979,4.92,4.4,155.9,136882,11963.12
1/11/06,202,1.9125,5.25,5.01,4.6,102.1419,95.004,4.94,4.5,154.3,137090,12185.15
1/12/06,203.1,1.9629,5.24,4.94,4.56,103.2191,95.393,4.85,4.4,162.7,137263,12377.62
1/1/07,203.437,1.9587,5.25,5.06,4.76,102.7129,95.689,4.98,4.6,146.6,137497,12512.89
1/2/07,204.226,1.9589,5.26,5.05,4.72,103.7659,96.005,5.03,4.5,157.5,137582,12631.48
1/3/07,205.288,1.9474,5.26,4.92,4.56,103.9538,96.34,4.94,4.4,156.3,137796,12268.53
1/4/07,205.904,1.9879,5.25,4.93,4.69,104.7077,96.527,4.87,4.5,167.8,137855,12754.8
1/5/07,206.755,1.9842,5.25,4.91,4.75,104.7507,96.798,4.73,4.4,169.9,138008,13407.76
1/6/07,207.234,1.9867,5.25,4.96,5.1,104.7581,96.997,4.61,4.6,177.4,138085,13480.21
1/7/07,207.603,2.0355,5.26,4.96,5,104.7111,97.141,4.82,4.7,200.4,138055,13677.89
1/8/07,207.667,2.011,5.02,4.47,4.67,104.9122,97.225,4.2,4.6,197.9,138027,13239.71
1/9/07,208.547,2.0184,4.94,4.14,4.52,105.2764,97.601,3.89,4.7,214.5,138123,13557.69
1/10/07,209.19,2.0449,4.76,4.1,4.53,104.772,97.883,3.9,4.7,223.3,138201,13901.28
1/11/07,210.834,2.0701,4.49,3.5,4.15,105.3295,98.373,3.27,4.7,252.6,138307,13200.58
1/12/07,211.445,2.0161,4.24,3.26,4.1,105.3213,98.638,3,5,246.8,138411,13406.99
1/1/08,212.174,1.9702,3.94,2.71,3.74,105.0195,98.894,2.75,5,253.5,138419,12538.12
1/2/08,212.687,1.9646,2.98,2.05,3.74,104.6741,99.11,2.12,4.9,257,138338,12419.57
1/3/08,213.448,2.0015,2.61,1.54,3.51,104.4179,99.416,1.26,5.1,297.7,138283,12193.88
1/4/08,213.942,1.9816,2.28,1.74,3.68,103.6403,99.654,1.29,5,314.4,138054,12656.63
1/5/08,215.208,1.965,1.98,2.06,3.88,103.1178,100.091,1.73,5.4,349.5,137870,12812.48
1/6/08,217.463,1.9664,2,2.42,4.1,102.9484,100.786,1.86,5.6,367.5,137716,12056.67
1/7/08,219.016,1.9888,2.01,2.28,4.01,102.4071,101.218,1.63,5.8,384.3,137503,11322.38
1/8/08,218.69,1.8865,2,2.18,3.89,100.8875,101.135,1.72,6.1,321.6,137226,11530.75
1/9/08,218.877,1.7973,1.81,1.91,3.69,96.5439,101.236,1.13,6.1,291.5,136783,11114.08
1/10/08,216.995,1.6862,0.97,1.42,3.81,97.4562,100.684,0.67,6.5,215.6,136308,9176.71
1/11/08,213.153,1.5327,0.39,1.07,3.53,96.2593,99.545,0.19,6.8,150.9,135549,8614.55
1/12/08,211.398,1.4854,0.16,0.49,2.42,93.4434,99.007,0.03,7.3,104.5,134842,8595.56
1/1/09,211.933,1.4462,0.15,0.44,2.52,91.2317,99.068,0.13,7.8,94.9,134055,8396.2
1/2/09,212.705,1.4422,0.22,0.62,2.87,90.6389,99.284,0.3,8.3,95.9,133351,7690.5
1/3/09,212.495,1.417,0.18,0.64,2.82,89.1913,99.193,0.21,8.7,122.6,132549,7235.47
1/4/09,212.709,1.4712,0.15,0.55,2.93,88.3876,99.34,0.16,9,132.5,131845,7992.12
1/5/09,213.022,1.5418,0.18,0.5,3.29,87.4424,99.474,0.18,9.4,157.5,131491,8398.37
1/6/09,214.79,1.6369,0.21,0.51,3.72,87.065,100.067,0.18,9.5,189.2,131022,8593
1/7/09,214.726,1.6378,0.16,0.48,3.56,87.981,100.02,0.18,9.5,160.6,130680,8679.75
1/8/09,215.445,1.6532,0.16,0.46,3.59,88.9534,100.288,0.17,9.6,188.6,130484,9375.06
1/9/09,215.861,1.6323,0.15,0.4,3.4,89.6229,100.454,0.12,9.8,188.3,130255,9634.97
1/10/09,216.509,1.6212,0.12,0.37,3.39,89.9136,100.764,0.07,10,201.3,130046,9857.34
1/11/09,217.234,1.6599,0.12,0.31,3.4,90.2811,100.997,0.05,9.9,213.8,130058,10227.55
1/12/09,217.347,1.6226,0.12,0.37,3.59,90.5265,101.052,0.05,9.9,195.4,129781,10433.44
1/1/10,217.488,1.6158,0.11,0.35,3.73,91.5636,101.234,0.06,9.8,217.6,129799,10471.24
1/2/10,217.281,1.5618,0.13,0.35,3.69,91.8988,101.248,0.11,9.8,204.8,129726,10214.51
1/3/10,217.353,1.5058,0.16,0.4,3.73,92.5394,101.363,0.15,9.9,223.3,129919,10677.52
1/4/10,217.403,1.5332,0.2,0.45,3.85,92.928,101.349,0.16,9.9,233.1,130140,11052.15
1/5/10,217.29,1.4669,0.2,0.37,3.42,94.3244,101.392,0.16,9.6,205.1,130662,10500.19
1/6/10,217.199,1.4768,0.18,0.32,3.2,94.5056,101.447,0.12,9.4,206.5,130522,10159.27
1/7/10,217.605,1.5304,0.18,0.29,3.01,94.9417,101.569,0.16,9.4,208.1,130444,10222.24
1/8/10,217.923,1.5661,0.19,0.26,2.7,95.3385,101.713,0.16,9.5,211.8,130428,10350.4
1/9/10,218.275,1.5591,0.19,0.26,2.65,95.6063,101.807,0.15,9.5,207.1,130365,10598.07
1/10/10,219.035,1.5867,0.19,0.23,2.54,95.3785,102.045,0.13,9.4,224,130632,11044.49
1/11/10,219.59,1.5961,0.19,0.25,2.76,95.4163,102.211,0.14,9.8,237.1,130761,11198.31
1/12/10,220.472,1.5595,0.18,0.29,3.29,96.2444,102.455,0.14,9.3,243.9,130834,11465.26
1/1/11,221.187,1.5782,0.17,0.27,3.39,96.1454,102.685,0.15,9.1,251.9,130878,11802.37
1/2/11,221.898,1.6124,0.16,0.29,3.58,95.7235,102.966,0.13,9,241.5,131060,12190
1/3/11,223.046,1.6159,0.14,0.26,3.41,96.6445,103.356,0.1,9,283.7,131314,12081.48
1/4/11,224.093,1.6379,0.1,0.25,3.46,96.2727,103.808,0.06,9.1,311,131637,12434.88
1/5/11,224.806,1.6332,0.09,0.19,3.17,96.4871,104.144,0.04,9,290.1,131718,12579.99
1/6/11,224.806,1.6219,0.09,0.18,3,96.715,104.179,0.04,9.1,277.7,131952,12097.31
1/7/11,225.395,1.6158,0.07,0.19,3,97.1317,104.38,0.04,9,284.2,132024,12512.33
1/8/11,226.106,1.6356,0.1,0.11,2.3,97.7027,104.618,0.02,9,245.2,132136,11326.62
1/9/11,226.597,1.5771,0.08,0.1,1.98,97.6288,104.787,0.01,9,268.9,132369,11175.45
1/10/11,226.75,1.5768,0.07,0.11,2.15,98.3224,104.851,0.02,8.8,265.2,132578,11515.93
1/11/11,227.169,1.5806,0.08,0.11,2.01,98.1979,104.999,0.01,8.6,302.6,132723,11804.33
1/12/11,227.223,1.5587,0.07,0.12,1.98,98.6923,105.018,0.01,8.5,283.5,132924,12075.68
1/1/12,227.842,1.5524,0.08,0.12,1.97,99.3264,105.325,0.03,8.3,291.7,133272,12550.89
1/2/12,228.329,1.5804,0.1,0.16,1.97,99.6217,105.56,0.09,8.3,295.3,133505,12889.05
1/3/12,228.807,1.5824,0.13,0.19,2.17,99.0674,105.804,0.08,8.2,305.4,133769,13079.47
1/4/12,229.187,1.6,0.14,0.18,2.05,99.8626,105.943,0.08,8.2,297.8,133841,13030.75
1/5/12,228.713,1.5924,0.16,0.19,1.8,100.0384,105.868,0.09,8.2,273,133958,12721.08
1/6/12,228.524,1.5556,0.16,0.19,1.62,100.0677,105.844,0.09,8.2,241.4,134026,12544.9
1/7/12,228.59,1.5593,0.16,0.19,1.53,100.304,105.88,0.1,8.2,247.6,134182,12814.1
1/8/12,229.918,1.5722,0.13,0.18,1.68,99.9132,106.238,0.1,8.1,271.3,134355,13134.9
1/9/12,231.015,1.6126,0.14,0.18,1.72,99.9138,106.576,0.11,7.8,282.3,134549,13418.5
1/10/12,231.638,1.608,0.16,0.18,1.75,100.2063,106.886,0.1,7.8,268.4,134702,13380.65
1/11/12,231.249,1.5968,0.16,0.18,1.65,100.7003,106.768,0.09,7.7,256.6,134832,12896.44
1/12/12,231.221,1.6145,0.16,0.16,1.72,100.9782,106.758,0.07,7.9,252.4,135075,13144.18
1/1/13,231.679,1.5965,0.14,0.15,1.91,100.8955,106.956,0.07,8,270,135282,13615.32
1/2/13,232.937,1.5474,0.15,0.16,1.98,101.4671,107.365,0.1,7.7,275,135547,13967.33
1/3/13,232.282,1.508,0.14,0.15,1.96,101.772,107.232,0.09,7.5,271.6,135703,14418.26
1/4/13,231.797,1.5311,0.15,0.12,1.76,101.6802,107.138,0.06,7.6,276.5,135882,14675.91
1/5/13,231.893,1.5297,0.11,0.12,1.93,101.6916,107.185,0.04,7.5,276.8,136122,15172.18
1/6/13,232.445,1.5493,0.09,0.14,2.3,101.873,107.366,0.05,7.5,276.6,136280,15035.75
1/7/13,232.9,1.5179,0.09,0.12,2.58,101.297,107.48,0.04,7.3,303,136391,15390.21
1/8/13,233.456,1.5505,0.08,0.13,2.74,102.0772,107.633,0.04,7.2,304.1,136651,15195.35
1/9/13,233.544,1.5885,0.08,0.12,2.81,102.5705,107.762,0.02,7.2,304.8,136852,15269.84
1/10/13,233.669,1.6098,0.09,0.12,2.62,102.4728,107.914,0.05,7.2,285.9,137062,15289.29
1/11/13,234.1,1.61,0.08,0.12,2.72,102.8086,108.078,0.07,6.9,260.1,137283,15870.83
1/12/13,234.719,1.6383,0.09,0.13,2.9,103.0979,108.275,0.07,6.7,270.2,137376,16095.77
1/1/14,235.347,1.647,0.07,0.12,2.86,102.6063,108.537,0.04,6.6,261.1,137550,16243.72
1/2/14,235.522,1.6558,0.07,0.12,2.71,103.6292,108.622,0.05,6.7,284.4,137732,15958.44
1/3/14,235.956,1.6624,0.08,0.13,2.72,104.5546,108.802,0.05,6.7,282.4,137993,16308.63
1/4/14,236.463,1.6748,0.09,0.11,2.71,104.7807,109,0.03,6.3,289.9,138304,16399.5
1/5/14,236.867,1.6842,0.09,0.1,2.56,105.0799,109.152,0.03,6.3,286.7,138556,16567.25
1/6/14,237.188,1.6908,0.1,0.1,2.6,105.4698,109.256,0.04,6.1,292.6,138862,16843.75
1/7/14,237.485,1.7066,0.09,0.11,2.54,105.4919,109.44,0.03,6.2,280.4,139058,16988.26
1/8/14,237.439,1.67,0.09,0.11,2.42,105.425,109.413,0.03,6.2,269.2,139284,16775.15
1/9/14,237.452,1.629,0.09,0.11,2.53,105.7329,109.514,0.02,5.9,257.2,139568,17098.13
1/10/14,237.447,1.6074,0.09,0.1,2.3,105.7898,109.508,0.02,5.7,225.7,139823,16701.87
1/11/14,237.042,1.5771,0.09,0.13,2.33,106.6134,109.435,0.02,5.8,211.7,140130,17648.98
1/12/14,236.27,1.5644,0.12,0.21,2.21,106.3797,109.21,0.03,5.6,168.9,140381,17754.24
1/1/15,234.836,1.5142,0.11,0.2,1.88,105.6148,108.762,0.03,5.7,120.1,140592,17542.26
1/2/15,235.274,1.5329,0.11,0.22,1.98,105.4321,108.944,0.02,5.5,130.3,140859,17945.41
1/3/15,235.956,1.4958,0.11,0.25,2.04,105.0745,109.134,0.03,5.5,127.5,140937,17931.75
1/4/15,236.165,1.4968,0.12,0.23,1.94,104.6624,109.177,0.02,5.4,143,141219,17970.51
1/5/15,236.952,1.5456,0.12,0.24,2.2,104.2843,109.429,0.02,5.5,165.4,141545,18124.71
1/6/15,237.618,1.5576,0.13,0.28,2.36,103.9927,109.623,0.02,5.3,164.6,141736,17927.22
1/7/15,237.993,1.556,0.13,0.3,2.32,104.515,109.779,0.03,5.2,143.4,141992,17795.02
1/8/15,237.989,1.5578,0.14,0.38,2.17,104.5091,109.779,0.07,5.1,115.4,142156,17061.59
1/9/15,237.467,1.5338,0.14,0.37,2.17,104.2038,109.727,0.02,5,117.6,142244,16339.95
1/10/15,237.764,1.5343,0.12,0.26,2.07,104.0045,109.757,0.02,5,121.5,142595,17182.28
1/11/15,238.072,1.5194,0.12,0.48,2.26,103.3965,109.87,0.12,5,111.7,142859,17723.77
1/12/15,237.827,1.4981,0.24,0.65,2.24,102.9179,109.794,0.23,5,93.3,143093,17542.86
1/1/16,237.99,1.4392,0.34,0.54,2.09,103.4822,109.976,0.26,4.9,75.1,143196,16305.25
1/2/16,237.532,1.429,0.38,0.53,1.78,103.2685,109.936,0.31,4.9,69.5,143453,16299.9
1/3/16,238.022,1.4249,0.36,0.66,1.89,102.5263,110.044,0.29,5,91.5,143688,17302.14
1/4/16,238.843,1.4319,0.37,0.56,1.81,102.8697,110.39,0.23,5,105.3,143862,17844.37
1/5/16,239.439,1.4524,0.37,0.59,1.81,102.7552,110.562,0.27,4.7,118.3,143896,17692.32
1/6/16,240.074,1.4197,0.38,0.55,1.64,103.1249,110.714,0.27,4.9,128.5,144181,17754.87
1/7/16,240.058,1.3134,0.39,0.51,1.5,103.2173,110.833,0.3,4.9,120.6,144506,18341.18
1/8/16,240.569,1.3101,0.4,0.57,1.56,103.1459,111.035,0.3,4.9,115.3,144681,18495.19
1/9/16,241.017,1.314,0.4,0.59,1.63,102.9898,111.235,0.29,5,117.7,144945,18267.4
1/10/16,241.667,1.233,0.4,0.66,1.76,103.1742,111.471,0.33,4.9,132.8,145085,18184.55
1/11/16,242.081,1.2432,0.41,0.74,2.14,102.9478,111.537,0.45,4.6,121.1,145257,18697.33
1/12/16,242.784,1.2483,0.54,0.87,2.49,103.7675,111.74,0.51,4.7,138.7,145437,19712.42
1/1/17,244.028,1.2367,0.65,0.83,2.43,103.4572,112.212,0.51,4.8,138.4,145696,19908.15
1/2/17,244.102,1.2495,0.66,0.82,2.42,103.7038,112.329,0.52,4.7,143.3,145896,20424.14
1/3/17,243.717,1.2347,0.79,1.01,2.48,103.9162,112.053,0.74,4.5,131,145969,20823.06
1/4/17,244.087,1.2639,0.9,1.04,2.3,105.0468,112.302,0.8,4.4,139.6,146144,20684.69
1/5/17,243.911,1.2929,0.91,1.12,2.3,105.0682,112.236,0.89,4.3,128.9,146299,20936.81
1/6/17,244.032,1.281,1.04,1.2,2.19,105.2526,112.282,0.98,4.3,123.8,146538,21317.8
1/7/17,244.236,1.2996,1.15,1.22,2.32,105.0086,112.39,1.07,4.3,124.7,146728,21581.25
1/8/17,245.262,1.2952,1.16,1.23,2.21,104.5605,112.629,1.01,4.4,130.6,146949,21914.08
1/9/17,246.392,1.334,1.15,1.28,2.2,104.8195,113.077,1.03,4.2,134.9,146963,22173.41
1/10/17,246.583,1.3202,1.15,1.4,2.36,106.5818,113.247,1.07,4.1,142.4,147234,23036.24
1/11/17,247.411,1.3217,1.16,1.56,2.35,106.8643,113.481,1.23,4.1,158.7,147450,23557.93
1/12/17,247.91,1.3404,1.3,1.7,2.4,107.2989,113.646,1.32,4.1,161.5,147625,24545.38